{"cameraMode":{"drawMode":0,"name":"Shaded","section":"Shading Mode"},"sceneLighting":false,"audioPlay":false,"sceneViewState":{"showFog":true,"showMaterialUpdate":true,"showSkybox":false,"showFlares":true,"showImageEffects":true,"showParticleSystems":true},"in2DMode":false,"pivot":{"x":-0.6199999451637268,"y":-2.474188804626465,"z":-69.59609985351563},"rotation":{"x":-0.10017485171556473,"y":0.05548608675599098,"z":-0.005595013499259949,"w":-0.9934062957763672},"size":5.366414546966553,"orthographic":false}