{"cameraMode":{"drawMode":0,"name":"Shaded","section":"Shading Mode"},"sceneLighting":true,"audioPlay":false,"sceneViewState":{"showFog":true,"showMaterialUpdate":true,"showSkybox":true,"showFlares":true,"showImageEffects":true,"showParticleSystems":true},"in2DMode":false,"pivot":{"x":0.20733225345611573,"y":0.9929039478302002,"z":1.341632604598999},"rotation":{"x":0.6931836605072022,"y":-0.0010811018291860819,"z":0.0010397456353530288,"w":0.7207589149475098},"size":38.270164489746097,"orthographic":false}